1,Treeflex,137,revolutionize enterprise networks,174.53
2,Aerified,191,mesh magnetic e-services,66.75
3,Treeflex,477,grow magnetic relationships,178.26
4,Tempsoft,359,benchmark bricks-and-clicks systems,247.28
5,Veribet,278,whiteboard intuitive networks,200.4
6,Zontrax,596,evolve revolutionary deliverables,52.77
7,Duobam,229,grow viral channels,141.55
8,Bigtax,301,exploit virtual niches,222.58
9,Rank,454,architect dot-com e-business,83.07
10,Greenlam,391,architect front-end platforms,46.33
11,Bigtax,431,expedite e-business web services,146.96
12,Sonair,556,generate collaborative models,141.68
13,Zathin,6,evolve one-to-one technologies,180.66
14,Cookley,725,generate strategic content,83.38
15,Tampflex,41,facilitate viral e-markets,180.41
16,Greenlam,447,synthesize out-of-the-box e-markets,150.11
17,Keylex,607,unleash next-generation convergence,44.13
18,Ronstring,148,utilize holistic markets,68.08
19,Veribet,555,maximize bleeding-edge paradigms,74.54
20,Quo Lux,251,aggregate distributed experiences,56.01
21,Sonair,750,morph wireless convergence,162.44
22,Zathin,486,disintermediate 24/365 experiences,79.26
23,Otcom,52,incentivize holistic deliverables,151.27
24,Voltsillam,322,monetize compelling convergence,46.43
25,Quo Lux,51,transform holistic users,43.02
26,Mat Lam Tam,414,matrix best-of-breed convergence,41.91
27,Tres-Zap,697,extend integrated vortals,57.73
28,Veribet,552,reintermediate ubiquitous vortals,238.17
29,Viva,417,harness distributed action-items,209.09
30,Viva,44,unleash dynamic initiatives,119.05
31,Konklab,222,monetize mission-critical platforms,85.99
32,Latlux,358,morph virtual ROI,162.42
33,Transcof,764,transform bleeding-edge e-tailers,236.91
34,Konklab,502,drive cutting-edge content,53.57
35,Bamity,592,syndicate plug-and-play convergence,158.53
36,Tres-Zap,642,harness web-enabled bandwidth,129.66
37,Redhold,423,embrace integrated partnerships,122.74
38,Zamit,49,productize frictionless initiatives,177.02
39,Stronghold,112,drive next-generation systems,157.0
40,Biodex,228,cultivate magnetic paradigms,247.19
41,Zamit,91,transform synergistic niches,124.7
42,Cardguard,565,deploy front-end interfaces,200.19
43,Otcom,721,expedite 24/7 portals,123.42
44,Namfix,728,generate frictionless metrics,109.47
45,Voltsillam,557,transition viral synergies,184.32
46,Kanlam,189,engineer open-source experiences,217.51
47,Bigtax,500,brand integrated channels,91.41
48,Tampflex,167,extend collaborative partnerships,79.31
49,Daltfresh,407,synthesize impactful functionalities,82.34
50,Duobam,284,transition sexy action-items,46.55
51,Regrant,459,redefine turn-key architectures,189.32
52,Veribet,367,seize real-time platforms,232.59
53,Quo Lux,249,target innovative experiences,77.96
54,Andalax,551,mesh front-end eyeballs,143.9
55,Otcom,639,benchmark open-source communities,90.0
56,Tresom,83,implement revolutionary markets,216.68
57,Temp,298,maximize world-class metrics,102.89
58,Tres-Zap,419,whiteboard front-end e-business,184.53
59,Duobam,205,visualize extensible functionalities,210.94
60,Fix San,593,mesh value-added architectures,106.54
61,Alphazap,640,iterate viral networks,159.94
62,Stringtough,522,productize value-added platforms,103.32
63,Prodder,403,disintermediate extensible e-markets,230.31
64,Wrapsafe,276,exploit killer content,160.38
65,Holdlamis,111,embrace magnetic architectures,135.46
66,Stim,257,e-enable viral web-readiness,222.76
67,Prodder,205,grow holistic platforms,72.25
68,Greenlam,582,architect synergistic solutions,243.57
69,Job,56,deliver 24/7 channels,63.62
70,Tampflex,773,empower collaborative niches,66.1
71,Zathin,100,revolutionize 24/365 interfaces,248.78
72,Y-Solowarm,259,aggregate frictionless ROI,148.78
73,Konklab,180,optimize plug-and-play web-readiness,238.47
74,Keylex,325,envisioneer 24/7 portals,233.29
75,Cookley,574,embrace end-to-end solutions,212.52
76,Bitwolf,211,scale magnetic interfaces,233.63
77,Hatity,710,transform cutting-edge eyeballs,209.67
78,Cardguard,140,engage open-source content,244.28
79,Voltsillam,656,innovate transparent schemas,189.12
80,Ventosanzap,131,synergize turn-key schemas,40.1
81,Alphazap,792,implement extensible infrastructures,49.37
82,Ronstring,185,aggregate sexy relationships,247.1
83,Span,61,envisioneer rich channels,77.77
84,Flowdesk,362,optimize strategic supply-chains,198.34
85,Fixflex,259,syndicate sticky supply-chains,145.26
86,Bigtax,253,generate B2C supply-chains,79.37
87,Konklab,342,empower sexy metrics,140.68
88,Vagram,316,synergize bleeding-edge convergence,237.53
89,Zaam-Dox,571,target web-enabled bandwidth,194.74
90,Cookley,439,incubate clicks-and-mortar schemas,225.11
91,Mat Lam Tam,107,streamline viral technologies,64.28
92,Span,499,extend interactive e-services,201.44
93,Bigtax,400,embrace ubiquitous vortals,131.0
94,It,677,generate e-business systems,115.58
95,Ventosanzap,642,mesh sexy e-business,62.66
96,Cardguard,222,facilitate bricks-and-clicks deliverables,102.73
97,Job,179,scale best-of-breed content,248.3
98,Flexidy,44,visualize holistic partnerships,213.71
99,Lotlux,107,unleash killer portals,198.25
100,Prodder,390,incubate mission-critical users,248.03
101,Namfix,23,recontextualize robust channels,234.63
102,Regrant,742,visualize customized solutions,121.89
103,Lotstring,378,transition B2C eyeballs,95.08
104,Bitchip,43,morph bricks-and-clicks e-services,138.96
105,Stim,508,mesh out-of-the-box methodologies,130.97
106,Trippledex,41,innovate frictionless platforms,66.74
107,Subin,322,syndicate one-to-one applications,136.1
108,Transcof,130,reinvent impactful e-tailers,147.44
109,Toughjoyfax,664,deploy one-to-one networks,77.54
110,Stringtough,765,redefine next-generation functionalities,63.7
111,Bamity,777,enhance extensible e-business,112.14
112,Bitchip,39,grow vertical synergies,106.25
113,Rank,256,whiteboard B2C e-tailers,184.21
114,Zaam-Dox,6,transition bricks-and-clicks markets,203.35
115,Viva,404,brand robust initiatives,147.3
116,Rank,557,aggregate end-to-end e-business,219.59
117,Prodder,75,disintermediate cutting-edge web services,83.52
118,Flowdesk,732,envisioneer efficient experiences,73.11
119,Flowdesk,219,maximize sexy ROI,229.06
120,Daltfresh,333,exploit end-to-end mindshare,122.15
121,Kanlam,676,grow synergistic content,218.52
122,Prodder,230,unleash holistic web-readiness,212.43
123,Treeflex,165,target innovative architectures,120.31
124,Fintone,519,expedite dot-com bandwidth,145.24
125,Lotstring,263,synergize compelling infrastructures,80.43
126,Bamity,175,scale customized infrastructures,240.02
127,Otcom,581,exploit best-of-breed applications,90.67
128,Hatity,283,engineer clicks-and-mortar convergence,86.59
129,Gembucket,717,cultivate plug-and-play synergies,117.74
130,Cookley,100,utilize customized supply-chains,234.13
131,Subin,724,strategize efficient models,182.23
132,Holdlamis,184,generate one-to-one infrastructures,59.11
133,Alphazap,585,architect back-end partnerships,124.88
134,Sonsing,677,synergize strategic eyeballs,58.77
135,Cookley,789,architect cutting-edge metrics,237.28
136,Zamit,482,aggregate open-source action-items,176.46
137,Prodder,70,transform 24/365 e-tailers,215.56
138,Tres-Zap,456,incubate visionary architectures,213.02
139,Alpha,209,deploy killer schemas,114.46
140,Biodex,651,seize compelling markets,236.14
141,Cardify,744,embrace proactive eyeballs,179.14
142,Treeflex,110,reinvent rich e-commerce,160.6
143,Fintone,571,deliver 24/7 supply-chains,48.85
144,Vagram,50,optimize intuitive platforms,239.58
145,Sonair,5,reinvent cutting-edge web services,158.23
146,Voyatouch,644,synergize innovative users,168.94
147,Stim,744,drive dynamic synergies,56.42
148,Viva,451,iterate cross-platform schemas,150.46
149,Voyatouch,358,orchestrate bricks-and-clicks experiences,57.79
150,Sub-Ex,343,deploy collaborative relationships,111.73
151,Konklux,688,architect one-to-one architectures,246.25
152,Trippledex,302,e-enable collaborative architectures,190.29
153,Cardguard,404,monetize sexy partnerships,147.53
154,Quo Lux,723,leverage viral e-tailers,109.93
155,Zamit,652,enable back-end niches,214.1
156,Namfix,650,reinvent innovative users,247.85
157,Fix San,693,engage cross-media e-markets,250.0
158,Job,561,enhance magnetic e-commerce,73.27
159,Ronstring,565,repurpose plug-and-play channels,230.42
160,Tampflex,617,enable interactive platforms,189.02
161,Stronghold,630,architect killer functionalities,97.24
162,Alpha,615,implement cutting-edge eyeballs,219.66
163,Greenlam,318,reintermediate B2B synergies,69.71
164,Fintone,58,incubate 24/7 initiatives,165.94
165,Tampflex,742,disintermediate virtual supply-chains,234.5
166,Domainer,182,disintermediate real-time solutions,163.76
167,Cookley,420,benchmark scalable web services,131.4
168,Lotstring,519,recontextualize B2B paradigms,208.58
169,Biodex,645,evolve frictionless experiences,117.14
170,Daltfresh,50,maximize frictionless interfaces,184.41
171,Holdlamis,52,redefine dot-com e-commerce,130.65
172,Quo Lux,540,engineer interactive users,140.18
173,Wrapsafe,56,brand vertical initiatives,116.42
174,Flowdesk,647,utilize dot-com models,40.7
175,Sub-Ex,305,implement real-time communities,173.2
176,Regrant,167,synthesize strategic eyeballs,88.82
177,Lotstring,40,matrix customized metrics,160.84
178,Hatity,582,streamline integrated initiatives,214.56
179,Voyatouch,448,deliver intuitive models,207.16
180,Kanlam,756,grow revolutionary channels,113.64
181,Flexidy,391,synthesize ubiquitous interfaces,240.65
182,Bamity,724,synergize user-centric convergence,85.98
183,Regrant,389,repurpose mission-critical web services,70.34
184,Regrant,546,brand rich partnerships,137.34
185,Tin,292,synthesize frictionless action-items,202.97
186,Y-find,705,empower visionary web-readiness,70.53
187,Cardify,104,visualize virtual experiences,246.63
188,Kanlam,58,deliver web-enabled web-readiness,213.61
189,Hatity,52,e-enable sexy e-commerce,56.26
190,Kanlam,418,seize next-generation users,48.37
191,Prodder,769,streamline granular experiences,107.0
192,Home Ing,188,exploit end-to-end paradigms,173.8
193,Duobam,123,iterate cross-media markets,105.73
194,Y-find,251,integrate mission-critical e-markets,167.44
195,Biodex,130,repurpose rich architectures,96.94
196,Bitchip,255,cultivate intuitive interfaces,145.71
197,Voltsillam,611,whiteboard strategic infrastructures,147.22
198,Tres-Zap,430,enable visionary experiences,95.16
199,Bytecard,606,redefine granular e-commerce,40.2
200,Wrapsafe,164,orchestrate rich web services,59.29
201,Zoolab,526,incentivize 24/365 solutions,233.18
202,Aerified,734,iterate rich supply-chains,116.72
203,Transcof,121,orchestrate sticky functionalities,191.2
204,Fixflex,733,matrix e-business schemas,235.83
205,Tin,530,transition next-generation supply-chains,209.25
206,Tres-Zap,465,grow vertical users,94.18
207,Trippledex,467,empower B2B e-services,176.62
208,Tempsoft,248,brand user-centric metrics,245.82
209,Zamit,573,target vertical platforms,62.29
210,Mat Lam Tam,263,visualize proactive e-services,184.13
211,Y-Solowarm,431,productize leading-edge ROI,109.74
212,Otcom,735,matrix value-added e-tailers,51.8
213,Opela,687,mesh synergistic ROI,47.62
214,Subin,297,matrix bricks-and-clicks channels,71.9
215,Alpha,50,seize integrated markets,214.48
216,Asoka,6,monetize leading-edge partnerships,142.86
217,Opela,429,streamline scalable supply-chains,146.52
218,Trippledex,19,strategize web-enabled web-readiness,170.55
219,Stim,436,orchestrate strategic communities,77.89
220,Keylex,562,orchestrate B2C functionalities,247.37
221,Domainer,282,morph one-to-one e-tailers,120.43
222,Quo Lux,501,harness out-of-the-box channels,191.17
223,Duobam,223,iterate mission-critical architectures,60.03
224,Duobam,79,visualize global portals,152.8
225,Home Ing,224,empower transparent bandwidth,57.44
226,Subin,774,brand global applications,97.92
227,Regrant,439,transform clicks-and-mortar content,187.09
228,Zaam-Dox,45,syndicate global ROI,52.7
229,Cookley,403,deliver proactive synergies,102.91
230,Keylex,356,monetize leading-edge platforms,223.1
231,Zamit,749,incentivize vertical models,188.48
232,Tres-Zap,49,facilitate end-to-end models,125.92
233,Gembucket,164,embrace 24/7 e-markets,94.53
234,Tampflex,597,morph frictionless metrics,220.05
235,Andalax,387,incubate customized markets,45.65
236,Konklab,77,envisioneer cutting-edge methodologies,74.6
237,Voyatouch,687,orchestrate frictionless models,150.44
238,Gembucket,251,synthesize revolutionary architectures,88.47
239,Trippledex,440,seize dot-com portals,222.43
240,Prodder,756,empower intuitive systems,125.18
241,Keylex,769,enable cross-platform mindshare,195.26
242,Job,68,repurpose sexy e-markets,96.41
243,Wrapsafe,431,revolutionize 24/365 schemas,109.93
244,Cardify,190,reinvent proactive metrics,158.24
245,Stim,179,mesh web-enabled web-readiness,200.16
246,Tin,226,disintermediate 24/7 web services,181.15
247,Quo Lux,221,expedite transparent networks,96.24
248,Regrant,739,innovate seamless paradigms,201.8
249,Asoka,496,recontextualize seamless users,192.62
250,Solarbreeze,391,productize proactive architectures,103.57
